行类型,类别,项目,规格或假设,需求数量,采购数量,单位,单价_CNY,学校钢网自贴_CNY,嘉立创经济型SMT_CNY,成本口径,置信度,来源,备注
信息,范围,预算配置,15套 = 15个Hub + 每套6种异构模块各1个,15,15,套,,,,信息,高,../docs/bom.md,共15个Hub和90个模块；六种为IMU/光传感/旋钮/RGB LED/振动/音频
信息,制造状态,当前生产门槛,NO-GO：仅为prototype采购与工艺规划估算,,,,,,,信息,高,../../schematics/schematics.kicad_pcb | ../../schematics/schematics.kicad_sch,当前CAD为空占位；无Gerber/CPL/生产BOM；不能作为正式报价
信息,版本,预算日期,2026-07-24,,,,,,,信息,高,,所有动态价格以下单页面和审单结果为准
假设,通用,汇率换算,仅用于把仓库USD原型BOM换算为CNY,1,1,USD,7.20,,,输入,中,../docs/bom.md,不是实时外汇报价；可在正式采购前替换
假设,通用,电子与机械备件率,一般器件按10%备件并按包装取整,10,10,%,,,,输入,中,,pogo与磁铁按文档上限再取整
假设,通用,不确定性预备金,制造文件未冻结因此对现金小计加15%,15,15,%,,,,输入,中,,覆盖审单追加/返工/价差；不替代正式报价
成本,核心电子,MCU,ESP32-C3-MINI-1-N4,105,116,个,10.80,1252.80,1252.80,现金,中,../docs/bom.md,单价=仓库USD 1.50×7.20；数量含10%备件
成本,核心电子,CAN收发器,SN65HVD230DR,105,116,个,3.60,417.60,417.60,现金,中,../docs/bom.md,单价=仓库USD 0.50×7.20；数量含10%备件
成本,Hub电子,USB-C连接器,通用16-pin SMD且精确料号待冻结,15,17,个,2.16,36.72,36.72,现金,低,../docs/bom.md,单价=仓库USD 0.30×7.20
成本,Hub电子,充电模块,TP4056 module,15,17,个,3.60,61.20,61.20,现金,低,../docs/bom.md,架构可能在定制PCBA中改为裸芯片
成本,Hub电子,3.3V稳压器,AMS1117-3.3暂定且与TLV75901草案冲突,15,17,个,0.72,12.24,12.24,现金,低,../docs/bom.md | ../pcb/hub/elec/src/ti-tlv75901/ti-tlv75901.ato,正式BOM必须二选一
成本,Hub电源,1000mAh锂电池,3.7V带JST,15,17,个,21.60,367.20,367.20,现金,中,../docs/bom.md,单价=仓库USD 3.00×7.20
成本,连接机构,P75-B1弹簧针,按Hub 36个和module 18个上限,2160,2400,个,0.72,1728.00,1728.00,现金,低,../docs/bom.md,face topology尚未冻结；不要据此提前采购
成本,连接机构,N52磁铁,6mm×2mm且按Hub 12个和module 6个上限,720,800,个,0.72,576.00,576.00,现金,低,../docs/bom.md,结构尺寸和极性治具待验证
成本,外壳,Hub PLA外壳,校内3D打印材料估算,15,17,个,3.60,61.20,61.20,现金,中,../docs/bom.md | ../../openscad-model/hex_module.scad,未含打印机折旧
成本,外壳,Module PLA外壳,校内3D打印材料估算,90,99,个,3.60,356.40,356.40,现金,中,../docs/bom.md | ../../openscad-model/hex_module.scad,未含打印机折旧
成本,杂项电子,Hub阻容/LED/排针,仓库lump-sum估算,15,17,套,7.20,122.40,122.40,现金,低,../docs/bom.md,正式BOM需展开CC/ESD/BOOT/EN/去耦/CAN终端等
成本,杂项电子,Module阻容/排针,仓库lump-sum估算,90,99,套,3.60,356.40,356.40,现金,低,../docs/bom.md,正式BOM需展开全部位号与封装
成本,模块Add-on,IMU,MPU6050 GY-521,15,17,个,10.80,183.60,183.60,现金,中,../docs/bom.md,单价=仓库USD 1.50×7.20
成本,模块Add-on,RGB LED,WS2812B 8-pixel ring,15,17,个,18.00,306.00,306.00,现金,中,../docs/bom.md,单价=仓库USD 2.50×7.20
成本,模块Add-on,振动,DRV2605L breakout + ERM motor,15,17,套,28.80,489.60,489.60,现金,中,../docs/bom.md,单价=仓库USD 4.00×7.20
成本,模块Add-on,音频,MAX98357A breakout + 8ohm speaker,15,17,套,25.20,428.40,428.40,现金,中,../docs/bom.md,单价=仓库USD 3.50×7.20
成本,模块Add-on,光传感,GL5528 LDR + 10kohm divider,15,17,套,3.60,61.20,61.20,现金,中,../docs/bom.md,单价=仓库USD 0.50×7.20
成本,模块Add-on,旋钮,WH148 B100K,15,17,个,5.76,97.92,97.92,现金,中,../docs/bom.md,单价=仓库USD 0.80×7.20
成本,裸板,Hub PCB,2层且小于10cm×10cm的规划占位价,15,17,片,8.00,136.00,136.00,现金,低,https://www.jlc.com/ | ../docs/bom.md,没有Gerber和板框所以不是在线报价
成本,裸板,Module PCB,6种设计各17片的规划占位价,90,102,片,5.00,510.00,510.00,现金,低,https://www.jlc.com/ | ../docs/bom.md,总计6个design；异形板与拼板审单可能追加
成本,工艺,校内无框钢网,28cm×38cm且两张容纳7种design,2,2,张,55.00,110.00,0.00,现金,中,https://www.jlc.com/portal/smtLaserSteelNet.html,嘉立创SMT配套钢网留在工厂不交付
成本,工艺,校内贴装耗材,锡膏/助焊剂/IPA/无尘布/吸锡带/清洁,1,1,批,350.00,350.00,0.00,现金,低,,按批次规划估算
成本,工艺,SMT后装耗材,pogo/磁铁/外壳/breakout的校内后装耗材,1,1,批,150.00,0.00,150.00,现金,低,,嘉立创路线仍不是整机交钥匙
成本,嘉立创SMT,经济型工程费,7个design各1单×CNY 50,7,7,单,50.00,0.00,350.00,现金,中,https://www.jlc.com/portal/server_guide_42886.html,实际能否合单以在线报价为准
成本,嘉立创SMT,贴片焊点费,暂估Hub 130点×15 + module 90点×90,10050,10050,焊点,0.01,0.00,100.50,现金,低,https://www.jlc.com/portal/server_guide_42886.html,没有生产BOM/CPL故焊点数是占位假设
成本,嘉立创SMT,扩展库换料费,暂估16个跨订单换料事件×CNY 20,16,16,事件,20.00,0.00,320.00,现金,低,https://www.jlc.com/portal/newV2/smt.jsp,最终由BOM匹配结果决定
成本,质量,烧录与测试治具,限流电源/线缆/pogo治具/备份测试件,1,1,批,500.00,500.00,500.00,现金,低,,已有设备时可下调
成本,物流,国内物流与包装,PCB/元件/电池/钢网或PCBA合计占位,1,1,批,350.00,350.00,350.00,现金,低,,税票/偏远地址/电池运输可能改变
汇总,现金,预备金前现金小计,共同物料 + 各自制造工艺,,,,,8870.88,9331.38,输出,中,,现金采购与制造小计
汇总,现金,15%不确定性预备金,预备金前现金小计×15%,15,15,%,,1330.63,1399.71,输出,中,,因生产文件未冻结使用较高预备金
汇总,现金,建议现金预算,预备金前现金小计 + 15%预备金,,,,,10201.51,10731.09,输出,中,,学校付款口径
汇总,单位,每套现金预算,建议现金预算÷15,15,15,套,,680.10,715.41,输出,中,,每套=1 Hub + 6种模块
信息,边界,嘉立创直接的准确含义,经济型SMT仅贴核心SMD；学校仍需处理breakout/pogo/磁铁/电池/外壳,,,,,,,信息,高,https://www.jlc.com/portal/server_guide_30669.html,若要真正交钥匙整机需重画可生产PCBA并另询装配报价
信息,未计入,正式报价可能追加,税票/优惠券/加急/特殊表面处理/X-ray/BOM人工匹配/邮寄器件/报废处置,,,,,,,信息,高,https://www.jlc.com/portal/q6i53841.html,下单前逐项确认
信息,下一步,获得binding quote,冻结架构并生成Gerber + 生产BOM + CPL后上传在线计价,,,,,,,信息,高,https://www.jlc.com/,保存报价日期/文件哈希/工艺/交期/配送地址
